{
  "properties": {
    "activities": [
      {
        "type": "Copy",
        "typeProperties": {
          "source": {
            "type": "BinarySource",
            "storeSettings": {
              "type": "AzureBlobFSReadSettings",
              "recursive": true
            },
            "formatSettings": {
              "type": "BinaryReadSettings"
            },
            "datasetSettings": {
              "type": "Binary",
              "typeProperties": {
                "location": {
                  "type": "AzureBlobFSLocation",
                  "fileSystem": "filesystemdatalake",
                  "folderPath": "JSONHack/json"
                }
              },
              "externalReferences": {
                "connection": "0c63f457-9bff-47a0-8687-0b2702e841db"
              },
              "annotations": []
            }
          },
          "sink": {
            "type": "BinarySink",
            "storeSettings": {
              "type": "LakehouseWriteSettings"
            },
            "datasetSettings": {
              "type": "Binary",
              "typeProperties": {
                "location": {
                  "type": "LakehouseLocation",
                  "folderPath": "JsonHack"
                }
              },
              "linkedService": {
                "properties": {
                  "type": "Lakehouse",
                  "typeProperties": {
                    "artifactId": "b20305d5-7eb4-44b4-8584-2caa5281c443",
                    "workspaceId": "00000000-0000-0000-0000-000000000000",
                    "rootFolder": "Files"
                  },
                  "annotations": []
                },
                "name": "SQLDW"
              },
              "annotations": []
            }
          },
          "enableStaging": false
        },
        "policy": {
          "timeout": "0.12:00:00",
          "retry": 0,
          "retryIntervalInSeconds": 30,
          "secureInput": false,
          "secureOutput": false
        },
        "name": "hack_tesy",
        "dependsOn": []
      }
    ],
    "annotations": []
  }
}