{
  "properties": {
    "activities": [
      {
        "type": "Copy",
        "typeProperties": {
          "source": {
            "type": "ParquetSource",
            "storeSettings": {
              "type": "AzureBlobFSReadSettings",
              "recursive": true,
              "enablePartitionDiscovery": false
            },
            "formatSettings": {
              "type": "ParquetReadSettings"
            },
            "datasetSettings": {
              "type": "Parquet",
              "typeProperties": {
                "location": {
                  "type": "AzureBlobFSLocation",
                  "fileSystem": "filesystemdatalake",
                  "folderPath": "sqlserverlessanalitics/SCD"
                },
                "compressionCodec": "snappy"
              },
              "schema": [],
              "externalReferences": {
                "connection": "0c63f457-9bff-47a0-8687-0b2702e841db"
              },
              "annotations": []
            }
          },
          "sink": {
            "type": "ParquetSink",
            "storeSettings": {
              "type": "LakehouseWriteSettings"
            },
            "formatSettings": {
              "type": "ParquetWriteSettings",
              "enableVertiParquet": true
            },
            "datasetSettings": {
              "type": "Parquet",
              "typeProperties": {
                "location": {
                  "type": "LakehouseLocation"
                },
                "compressionCodec": "snappy"
              },
              "schema": [],
              "linkedService": {
                "properties": {
                  "type": "Lakehouse",
                  "typeProperties": {
                    "artifactId": "b20305d5-7eb4-44b4-8584-2caa5281c443",
                    "workspaceId": "00000000-0000-0000-0000-000000000000",
                    "rootFolder": "Files"
                  },
                  "annotations": []
                },
                "name": "SQLDW"
              },
              "annotations": []
            }
          },
          "translator": {
            "type": "TabularTranslator",
            "typeConversion": true,
            "typeConversionSettings": {
              "allowDataTruncation": true,
              "treatBooleanAsNumber": false
            }
          },
          "enableStaging": false
        },
        "policy": {
          "timeout": "0.12:00:00",
          "retry": 0,
          "retryIntervalInSeconds": 30,
          "secureInput": false,
          "secureOutput": false
        },
        "name": "Copy_y5g",
        "dependsOn": []
      }
    ],
    "annotations": []
  }
}