{
  "name": "{{Dataset_Name}}",
  "compatibilityLevel": 1604,
  "model": {
    "name": "{{Dataset_Name}}",
    "culture": "en-US",
    "collation": "Latin1_General_100_BIN2_UTF8",
    "dataAccessOptions": {
      "legacyRedirects": true,
      "returnErrorValuesAsNull": true
    },
    "defaultPowerBIDataSourceVersion": "powerBI_V3",
    "sourceQueryCulture": "en-US",
    "tables": [
      {
        "name": "FactInternetSales_Consold",
        "sourceLineageTag": "[dbo].[FactInternetSales_Consold]",
        "columns": [
          {
            "name": "CustomerPONumber",
            "dataType": "string",
            "sourceColumn": "CustomerPONumber",
            "sourceLineageTag": "CustomerPONumber",
            "summarizeBy": "none",
            "annotations": [
              {
                "name": "SummarizationSetBy",
                "value": "Automatic"
              }
            ]
          },
          {
            "name": "OrderQuantity",
            "dataType": "double",
            "sourceColumn": "OrderQuantity",
            "sourceLineageTag": "OrderQuantity",
            "summarizeBy": "sum",
            "annotations": [
              {
                "name": "SummarizationSetBy",
                "value": "Automatic"
              },
              {
                "name": "PBI_FormatHint",
                "value": "{\"isGeneralNumber\":true}"
              }
            ]
          },
          {
            "name": "ProductKey",
            "dataType": "string",
            "sourceColumn": "ProductKey",
            "sourceLineageTag": "ProductKey",
            "summarizeBy": "none",
            "annotations": [
              {
                "name": "SummarizationSetBy",
                "value": "Automatic"
              }
            ]
          },
          {
            "name": "SalesAmount",
            "dataType": "double",
            "sourceColumn": "SalesAmount",
            "sourceLineageTag": "SalesAmount",
            "summarizeBy": "sum",
            "annotations": [
              {
                "name": "SummarizationSetBy",
                "value": "Automatic"
              },
              {
                "name": "PBI_FormatHint",
                "value": "{\"isGeneralNumber\":true}"
              }
            ]
          },
          {
            "name": "SalesOrderNumber",
            "dataType": "string",
            "sourceColumn": "SalesOrderNumber",
            "sourceLineageTag": "SalesOrderNumber",
            "summarizeBy": "none",
            "annotations": [
              {
                "name": "SummarizationSetBy",
                "value": "Automatic"
              }
            ]
          },
          {
            "name": "UnitPrice",
            "dataType": "double",
            "sourceColumn": "UnitPrice",
            "sourceLineageTag": "UnitPrice",
            "summarizeBy": "sum",
            "annotations": [
              {
                "name": "SummarizationSetBy",
                "value": "Automatic"
              },
              {
                "name": "PBI_FormatHint",
                "value": "{\"isGeneralNumber\":true}"
              }
            ]
          }
        ],
        "partitions": [
          {
            "name": "{{Dataset_Name}}",
            "mode": "directLake",
            "source": {
              "type": "entity",
              "entityName": "FactInternetSales_Consold",
              "expressionSource": "DatabaseQuery",
              "schemaName": "dbo"
            }
          }
        ],
        "annotations": [
          {
            "name": "IsTableInBiModel",
            "value": "True"
          }
        ]
      },
      {
        "name": "FactInternetSales_clone",
        "sourceLineageTag": "[dbo].[FactInternetSales_clone]",
        "columns": [
          {
            "name": "ProductKey",
            "dataType": "string",
            "sourceColumn": "ProductKey",
            "sourceLineageTag": "ProductKey",
            "summarizeBy": "none",
            "annotations": [
              {
                "name": "SummarizationSetBy",
                "value": "Automatic"
              }
            ]
          },
          {
            "name": "SalesOrderNumber",
            "dataType": "string",
            "sourceColumn": "SalesOrderNumber",
            "sourceLineageTag": "SalesOrderNumber",
            "summarizeBy": "none",
            "annotations": [
              {
                "name": "SummarizationSetBy",
                "value": "Automatic"
              }
            ]
          },
          {
            "name": "CustomerPONumber",
            "dataType": "string",
            "sourceColumn": "CustomerPONumber",
            "sourceLineageTag": "CustomerPONumber",
            "summarizeBy": "none",
            "annotations": [
              {
                "name": "SummarizationSetBy",
                "value": "Automatic"
              }
            ]
          },
          {
            "name": "OrderQuantity",
            "dataType": "double",
            "sourceColumn": "OrderQuantity",
            "sourceLineageTag": "OrderQuantity",
            "summarizeBy": "sum",
            "annotations": [
              {
                "name": "SummarizationSetBy",
                "value": "Automatic"
              },
              {
                "name": "PBI_FormatHint",
                "value": "{\"isGeneralNumber\":true}"
              }
            ]
          },
          {
            "name": "UnitPrice",
            "dataType": "double",
            "sourceColumn": "UnitPrice",
            "sourceLineageTag": "UnitPrice",
            "summarizeBy": "sum",
            "annotations": [
              {
                "name": "SummarizationSetBy",
                "value": "Automatic"
              },
              {
                "name": "PBI_FormatHint",
                "value": "{\"isGeneralNumber\":true}"
              }
            ]
          },
          {
            "name": "SalesAmount",
            "dataType": "double",
            "sourceColumn": "SalesAmount",
            "sourceLineageTag": "SalesAmount",
            "summarizeBy": "sum",
            "annotations": [
              {
                "name": "SummarizationSetBy",
                "value": "Automatic"
              },
              {
                "name": "PBI_FormatHint",
                "value": "{\"isGeneralNumber\":true}"
              }
            ]
          }
        ],
        "partitions": [
          {
            "name": "{{Dataset_Name}}",
            "mode": "directLake",
            "source": {
              "type": "entity",
              "entityName": "FactInternetSales_clone",
              "expressionSource": "DatabaseQuery",
              "schemaName": "dbo"
            }
          }
        ],
        "annotations": [
          {
            "name": "IsTableInBiModel",
            "value": "True"
          }
        ]
      },
      {
        "name": "FactInternetSales_clone_retorepoint",
        "sourceLineageTag": "[dbo].[FactInternetSales_clone_retorepoint]",
        "columns": [
          {
            "name": "ProductKey",
            "dataType": "string",
            "sourceColumn": "ProductKey",
            "sourceLineageTag": "ProductKey",
            "summarizeBy": "none",
            "annotations": [
              {
                "name": "SummarizationSetBy",
                "value": "Automatic"
              }
            ]
          },
          {
            "name": "SalesOrderNumber",
            "dataType": "string",
            "sourceColumn": "SalesOrderNumber",
            "sourceLineageTag": "SalesOrderNumber",
            "summarizeBy": "none",
            "annotations": [
              {
                "name": "SummarizationSetBy",
                "value": "Automatic"
              }
            ]
          },
          {
            "name": "CustomerPONumber",
            "dataType": "string",
            "sourceColumn": "CustomerPONumber",
            "sourceLineageTag": "CustomerPONumber",
            "summarizeBy": "none",
            "annotations": [
              {
                "name": "SummarizationSetBy",
                "value": "Automatic"
              }
            ]
          },
          {
            "name": "OrderQuantity",
            "dataType": "double",
            "sourceColumn": "OrderQuantity",
            "sourceLineageTag": "OrderQuantity",
            "summarizeBy": "sum",
            "annotations": [
              {
                "name": "SummarizationSetBy",
                "value": "Automatic"
              },
              {
                "name": "PBI_FormatHint",
                "value": "{\"isGeneralNumber\":true}"
              }
            ]
          },
          {
            "name": "UnitPrice",
            "dataType": "double",
            "sourceColumn": "UnitPrice",
            "sourceLineageTag": "UnitPrice",
            "summarizeBy": "sum",
            "annotations": [
              {
                "name": "SummarizationSetBy",
                "value": "Automatic"
              },
              {
                "name": "PBI_FormatHint",
                "value": "{\"isGeneralNumber\":true}"
              }
            ]
          },
          {
            "name": "SalesAmount",
            "dataType": "double",
            "sourceColumn": "SalesAmount",
            "sourceLineageTag": "SalesAmount",
            "summarizeBy": "sum",
            "annotations": [
              {
                "name": "SummarizationSetBy",
                "value": "Automatic"
              },
              {
                "name": "PBI_FormatHint",
                "value": "{\"isGeneralNumber\":true}"
              }
            ]
          }
        ],
        "partitions": [
          {
            "name": "{{Dataset_Name}}",
            "mode": "directLake",
            "source": {
              "type": "entity",
              "entityName": "FactInternetSales_clone_retorepoint",
              "expressionSource": "DatabaseQuery",
              "schemaName": "dbo"
            }
          }
        ],
        "annotations": [
          {
            "name": "IsTableInBiModel",
            "value": "True"
          }
        ]
      },
      {
        "name": "FactInternetSales_clone_retorepoint2",
        "sourceLineageTag": "[dbo].[FactInternetSales_clone_retorepoint2]",
        "columns": [
          {
            "name": "ProductKey",
            "dataType": "string",
            "sourceColumn": "ProductKey",
            "sourceLineageTag": "ProductKey",
            "summarizeBy": "none",
            "annotations": [
              {
                "name": "SummarizationSetBy",
                "value": "Automatic"
              }
            ]
          },
          {
            "name": "SalesOrderNumber",
            "dataType": "string",
            "sourceColumn": "SalesOrderNumber",
            "sourceLineageTag": "SalesOrderNumber",
            "summarizeBy": "none",
            "annotations": [
              {
                "name": "SummarizationSetBy",
                "value": "Automatic"
              }
            ]
          },
          {
            "name": "CustomerPONumber",
            "dataType": "string",
            "sourceColumn": "CustomerPONumber",
            "sourceLineageTag": "CustomerPONumber",
            "summarizeBy": "none",
            "annotations": [
              {
                "name": "SummarizationSetBy",
                "value": "Automatic"
              }
            ]
          },
          {
            "name": "OrderQuantity",
            "dataType": "double",
            "sourceColumn": "OrderQuantity",
            "sourceLineageTag": "OrderQuantity",
            "summarizeBy": "sum",
            "annotations": [
              {
                "name": "SummarizationSetBy",
                "value": "Automatic"
              },
              {
                "name": "PBI_FormatHint",
                "value": "{\"isGeneralNumber\":true}"
              }
            ]
          },
          {
            "name": "UnitPrice",
            "dataType": "double",
            "sourceColumn": "UnitPrice",
            "sourceLineageTag": "UnitPrice",
            "summarizeBy": "sum",
            "annotations": [
              {
                "name": "SummarizationSetBy",
                "value": "Automatic"
              },
              {
                "name": "PBI_FormatHint",
                "value": "{\"isGeneralNumber\":true}"
              }
            ]
          },
          {
            "name": "SalesAmount",
            "dataType": "double",
            "sourceColumn": "SalesAmount",
            "sourceLineageTag": "SalesAmount",
            "summarizeBy": "sum",
            "annotations": [
              {
                "name": "SummarizationSetBy",
                "value": "Automatic"
              },
              {
                "name": "PBI_FormatHint",
                "value": "{\"isGeneralNumber\":true}"
              }
            ]
          }
        ],
        "partitions": [
          {
            "name": "{{Dataset_Name}}",
            "mode": "directLake",
            "source": {
              "type": "entity",
              "entityName": "FactInternetSales_clone_retorepoint2",
              "expressionSource": "DatabaseQuery",
              "schemaName": "dbo"
            }
          }
        ],
        "annotations": [
          {
            "name": "IsTableInBiModel",
            "value": "True"
          }
        ]
      },
      {
        "name": "FactInternetSales_clone_retorepoint3",
        "sourceLineageTag": "[dbo].[FactInternetSales_clone_retorepoint3]",
        "columns": [
          {
            "name": "ProductKey",
            "dataType": "string",
            "sourceColumn": "ProductKey",
            "sourceLineageTag": "ProductKey",
            "summarizeBy": "none",
            "annotations": [
              {
                "name": "SummarizationSetBy",
                "value": "Automatic"
              }
            ]
          },
          {
            "name": "SalesOrderNumber",
            "dataType": "string",
            "sourceColumn": "SalesOrderNumber",
            "sourceLineageTag": "SalesOrderNumber",
            "summarizeBy": "none",
            "annotations": [
              {
                "name": "SummarizationSetBy",
                "value": "Automatic"
              }
            ]
          },
          {
            "name": "CustomerPONumber",
            "dataType": "string",
            "sourceColumn": "CustomerPONumber",
            "sourceLineageTag": "CustomerPONumber",
            "summarizeBy": "none",
            "annotations": [
              {
                "name": "SummarizationSetBy",
                "value": "Automatic"
              }
            ]
          },
          {
            "name": "OrderQuantity",
            "dataType": "double",
            "sourceColumn": "OrderQuantity",
            "sourceLineageTag": "OrderQuantity",
            "summarizeBy": "sum",
            "annotations": [
              {
                "name": "SummarizationSetBy",
                "value": "Automatic"
              },
              {
                "name": "PBI_FormatHint",
                "value": "{\"isGeneralNumber\":true}"
              }
            ]
          },
          {
            "name": "UnitPrice",
            "dataType": "double",
            "sourceColumn": "UnitPrice",
            "sourceLineageTag": "UnitPrice",
            "summarizeBy": "sum",
            "annotations": [
              {
                "name": "SummarizationSetBy",
                "value": "Automatic"
              },
              {
                "name": "PBI_FormatHint",
                "value": "{\"isGeneralNumber\":true}"
              }
            ]
          },
          {
            "name": "SalesAmount",
            "dataType": "double",
            "sourceColumn": "SalesAmount",
            "sourceLineageTag": "SalesAmount",
            "summarizeBy": "sum",
            "annotations": [
              {
                "name": "SummarizationSetBy",
                "value": "Automatic"
              },
              {
                "name": "PBI_FormatHint",
                "value": "{\"isGeneralNumber\":true}"
              }
            ]
          }
        ],
        "partitions": [
          {
            "name": "{{Dataset_Name}}",
            "mode": "directLake",
            "source": {
              "type": "entity",
              "entityName": "FactInternetSales_clone_retorepoint3",
              "expressionSource": "DatabaseQuery",
              "schemaName": "dbo"
            }
          }
        ],
        "annotations": [
          {
            "name": "IsTableInBiModel",
            "value": "True"
          }
        ]
      },
      {
        "name": "FactInternetSales_new",
        "sourceLineageTag": "[dbo].[FactInternetSales_new]",
        "columns": [
          {
            "name": "ProductKey",
            "dataType": "string",
            "sourceColumn": "ProductKey",
            "sourceLineageTag": "ProductKey",
            "summarizeBy": "none",
            "annotations": [
              {
                "name": "SummarizationSetBy",
                "value": "Automatic"
              }
            ]
          },
          {
            "name": "SalesOrderNumber",
            "dataType": "string",
            "sourceColumn": "SalesOrderNumber",
            "sourceLineageTag": "SalesOrderNumber",
            "summarizeBy": "none",
            "annotations": [
              {
                "name": "SummarizationSetBy",
                "value": "Automatic"
              }
            ]
          },
          {
            "name": "CustomerPONumber",
            "dataType": "string",
            "sourceColumn": "CustomerPONumber",
            "sourceLineageTag": "CustomerPONumber",
            "summarizeBy": "none",
            "annotations": [
              {
                "name": "SummarizationSetBy",
                "value": "Automatic"
              }
            ]
          },
          {
            "name": "OrderQuantity",
            "dataType": "double",
            "sourceColumn": "OrderQuantity",
            "sourceLineageTag": "OrderQuantity",
            "summarizeBy": "sum",
            "annotations": [
              {
                "name": "SummarizationSetBy",
                "value": "Automatic"
              },
              {
                "name": "PBI_FormatHint",
                "value": "{\"isGeneralNumber\":true}"
              }
            ]
          },
          {
            "name": "UnitPrice",
            "dataType": "double",
            "sourceColumn": "UnitPrice",
            "sourceLineageTag": "UnitPrice",
            "summarizeBy": "sum",
            "annotations": [
              {
                "name": "SummarizationSetBy",
                "value": "Automatic"
              },
              {
                "name": "PBI_FormatHint",
                "value": "{\"isGeneralNumber\":true}"
              }
            ]
          },
          {
            "name": "SalesAmount",
            "dataType": "double",
            "sourceColumn": "SalesAmount",
            "sourceLineageTag": "SalesAmount",
            "summarizeBy": "sum",
            "annotations": [
              {
                "name": "SummarizationSetBy",
                "value": "Automatic"
              },
              {
                "name": "PBI_FormatHint",
                "value": "{\"isGeneralNumber\":true}"
              }
            ]
          }
        ],
        "partitions": [
          {
            "name": "{{Dataset_Name}}",
            "mode": "directLake",
            "source": {
              "type": "entity",
              "entityName": "FactInternetSales_new",
              "expressionSource": "DatabaseQuery",
              "schemaName": "dbo"
            }
          }
        ],
        "annotations": [
          {
            "name": "IsTableInBiModel",
            "value": "True"
          }
        ]
      },
      {
        "name": "bing_covid-19_data",
        "sourceLineageTag": "[dbo].[bing_covid-19_data]",
        "columns": [
          {
            "name": "id",
            "dataType": "string",
            "sourceColumn": "id",
            "sourceProviderType": "varchar",
            "sourceLineageTag": "id",
            "summarizeBy": "none",
            "annotations": [
              {
                "name": "SummarizationSetBy",
                "value": "Automatic"
              }
            ]
          },
          {
            "name": "updated",
            "dataType": "string",
            "sourceColumn": "updated",
            "sourceProviderType": "varchar",
            "sourceLineageTag": "updated",
            "summarizeBy": "none",
            "annotations": [
              {
                "name": "SummarizationSetBy",
                "value": "Automatic"
              }
            ]
          },
          {
            "name": "confirmed",
            "dataType": "string",
            "sourceColumn": "confirmed",
            "sourceProviderType": "varchar",
            "sourceLineageTag": "confirmed",
            "summarizeBy": "none",
            "annotations": [
              {
                "name": "SummarizationSetBy",
                "value": "Automatic"
              }
            ]
          },
          {
            "name": "confirmed_change",
            "dataType": "string",
            "sourceColumn": "confirmed_change",
            "sourceProviderType": "varchar",
            "sourceLineageTag": "confirmed_change",
            "summarizeBy": "none",
            "annotations": [
              {
                "name": "SummarizationSetBy",
                "value": "Automatic"
              }
            ]
          },
          {
            "name": "deaths",
            "dataType": "string",
            "sourceColumn": "deaths",
            "sourceProviderType": "varchar",
            "sourceLineageTag": "deaths",
            "summarizeBy": "none",
            "annotations": [
              {
                "name": "SummarizationSetBy",
                "value": "Automatic"
              }
            ]
          },
          {
            "name": "deaths_change",
            "dataType": "string",
            "sourceColumn": "deaths_change",
            "sourceProviderType": "varchar",
            "sourceLineageTag": "deaths_change",
            "summarizeBy": "none",
            "annotations": [
              {
                "name": "SummarizationSetBy",
                "value": "Automatic"
              }
            ]
          },
          {
            "name": "recovered",
            "dataType": "string",
            "sourceColumn": "recovered",
            "sourceProviderType": "varchar",
            "sourceLineageTag": "recovered",
            "summarizeBy": "none",
            "annotations": [
              {
                "name": "SummarizationSetBy",
                "value": "Automatic"
              }
            ]
          },
          {
            "name": "recovered_change",
            "dataType": "string",
            "sourceColumn": "recovered_change",
            "sourceProviderType": "varchar",
            "sourceLineageTag": "recovered_change",
            "summarizeBy": "none",
            "annotations": [
              {
                "name": "SummarizationSetBy",
                "value": "Automatic"
              }
            ]
          },
          {
            "name": "latitude",
            "dataType": "string",
            "sourceColumn": "latitude",
            "sourceProviderType": "varchar",
            "sourceLineageTag": "latitude",
            "summarizeBy": "none",
            "annotations": [
              {
                "name": "SummarizationSetBy",
                "value": "Automatic"
              }
            ]
          },
          {
            "name": "longitude",
            "dataType": "string",
            "sourceColumn": "longitude",
            "sourceProviderType": "varchar",
            "sourceLineageTag": "longitude",
            "summarizeBy": "none",
            "annotations": [
              {
                "name": "SummarizationSetBy",
                "value": "Automatic"
              }
            ]
          },
          {
            "name": "iso2",
            "dataType": "string",
            "sourceColumn": "iso2",
            "sourceProviderType": "varchar",
            "sourceLineageTag": "iso2",
            "summarizeBy": "none",
            "annotations": [
              {
                "name": "SummarizationSetBy",
                "value": "Automatic"
              }
            ]
          },
          {
            "name": "iso3",
            "dataType": "string",
            "sourceColumn": "iso3",
            "sourceProviderType": "varchar",
            "sourceLineageTag": "iso3",
            "summarizeBy": "none",
            "annotations": [
              {
                "name": "SummarizationSetBy",
                "value": "Automatic"
              }
            ]
          },
          {
            "name": "country_region",
            "dataType": "string",
            "sourceColumn": "country_region",
            "sourceProviderType": "varchar",
            "sourceLineageTag": "country_region",
            "summarizeBy": "none",
            "annotations": [
              {
                "name": "SummarizationSetBy",
                "value": "Automatic"
              }
            ]
          },
          {
            "name": "admin_region_1",
            "dataType": "string",
            "sourceColumn": "admin_region_1",
            "sourceProviderType": "varchar",
            "sourceLineageTag": "admin_region_1",
            "summarizeBy": "none",
            "annotations": [
              {
                "name": "SummarizationSetBy",
                "value": "Automatic"
              }
            ]
          },
          {
            "name": "iso_subdivision",
            "dataType": "string",
            "sourceColumn": "iso_subdivision",
            "sourceProviderType": "varchar",
            "sourceLineageTag": "iso_subdivision",
            "summarizeBy": "none",
            "annotations": [
              {
                "name": "SummarizationSetBy",
                "value": "Automatic"
              }
            ]
          },
          {
            "name": "admin_region_2",
            "dataType": "string",
            "sourceColumn": "admin_region_2",
            "sourceProviderType": "varchar",
            "sourceLineageTag": "admin_region_2",
            "summarizeBy": "none",
            "annotations": [
              {
                "name": "SummarizationSetBy",
                "value": "Automatic"
              }
            ]
          },
          {
            "name": "load_time",
            "dataType": "string",
            "sourceColumn": "load_time",
            "sourceProviderType": "varchar",
            "sourceLineageTag": "load_time",
            "summarizeBy": "none",
            "annotations": [
              {
                "name": "SummarizationSetBy",
                "value": "Automatic"
              }
            ]
          }
        ],
        "partitions": [
          {
            "name": "{{Dataset_Name}}",
            "mode": "directLake",
            "source": {
              "type": "entity",
              "entityName": "bing_covid-19_data",
              "expressionSource": "DatabaseQuery",
              "schemaName": "dbo"
            }
          }
        ],
        "annotations": [
          {
            "name": "IsTableInBiModel",
            "value": "True"
          }
        ]
      }
    ],
    "expressions": [
      {
        "name": "DatabaseQuery",
        "kind": "m",
        "expression": "let\n    database = {{TDS_Endpoint}}\nin\n    database\n"
      }
    ],
    "annotations": [
      {
        "name": "__PBI_TimeIntelligenceEnabled",
        "value": "0"
      },
      {
        "name": "PBI_QueryOrder",
        "value": "[\"exec_requests_history\",\"long_running_queries\",\"frequently_run_queries\",\"exec_sessions_history\",\"FactInternetSales_clone\",\"FactInternetSales_clone_retorepoint\",\"FactInternetSales_clone_retorepoint2\",\"FactInternetSales_clone_retorepoint3\",\"FactInternetSales_new\",\"FactInternetSales_Consold\",\"bing_covid-19_data\"]"
      },
      {
        "name": "SourceLineageTagType",
        "value": "DatabaseFullyQualifiedName"
      }
    ]
  }
}