{
  "properties": {
    "activities": [
      {
        "type": "TridentNotebook",
        "typeProperties": {
          "notebookId": "cf2482e5-c7e5-4523-b922-93a5750d32ee",
          "workspaceId": "00000000-0000-0000-0000-000000000000"
        },
        "policy": {
          "timeout": "0.12:00:00",
          "retry": 0,
          "retryIntervalInSeconds": 30,
          "secureInput": false,
          "secureOutput": false
        },
        "name": "Notebook1",
        "dependsOn": []
      }
    ],
    "annotations": []
  }
}